time,latitude,longitude,station_id,species_tsn,common_name,scientific_name,diet_flag,catch_flag,life_history_stage,sampling_method,total_catch_num,total_catch_wt,gear_code,event_code,large_marine_ecosystem,station_number,year,master_station,tow_type,gear_description,gearIn_time,eq_time,eq_latitude,eq_longitude,haulback_time,haulback_latitude,haulback_longitude,speed,gear_depth,bottom_depth,avg_net_horizontal_opening,avg_net_vertical_opening,wire_out,course,gear_out_time,gear_out_latitude,gear_out_longitude,vessel,vessel_name,race_ode,nodc_ode,notes
2002-08-27T00:00:00Z,NaN,NaN,20020101026,167123,Sablefish,Anoplopoma fimbria,FALSE,FALSE,U,TC,1,581,400580,3,Bering Sea,26,2002,57-163,S,,,18:53,57.0187,-163.021,19:23,56.9925,-162.9882,3.9,NaN,60,29.26,12.75,334.6704,,,NaN,NaN,SS,Sea Storm,20510,8827020101,2 northern fur seals. Net filling up with jelly!
2002-08-29T00:00:00Z,NaN,NaN,20020101035,167123,Sablefish,Anoplopoma fimbria,FALSE,FALSE,U,TC,1,522,400580,3,Bering Sea,35,2002,55.5-164,S,,,20:20,55.5247,-163.9732,20:50,55.4992,-164.0005,3.7,NaN,90,42.79,16.22,334.6704,,,NaN,NaN,SS,Sea Storm,20510,8827020101,
2002-09-14T00:00:00Z,NaN,NaN,20020101074,167123,Sablefish,Anoplopoma fimbria,FALSE,FALSE,A0,TC,1,14,300,3,Bering Sea,74,2002,57.5-166,S,,,22:15,57.509,-166.0115,22:45,57.4805,-165.967,4.5,NaN,64,54.86,12.75,329.184,,,NaN,NaN,SS,Sea Storm,20510,8827020101,
2002-09-19T00:00:00Z,NaN,NaN,20020101092,167123,Sablefish,Anoplopoma fimbria,FALSE,FALSE,A0,TC,2,45,300,3,Bering Sea,92,2002,58-168,S,,,1:14,57.9873,-167.982,1:44,58.0198,-168.0232,4.9,NaN,66,54.86,11.84,329.184,,,NaN,NaN,SS,Sea Storm,20510,8827020101,no weather data
2002-09-24T00:00:00Z,NaN,NaN,20020101117,167123,Sablefish,Anoplopoma fimbria,FALSE,FALSE,A0,TC,1,12,300,3,Bering Sea,117,2002,62-167.5,S,,,3:02,61.9942,-167.4663,3:32,62.0092,-167.5518,5,NaN,24,54.86,10.93,329.184,,,NaN,NaN,SS,Sea Storm,20510,8827020101,"no weather data, chrysaora up to 485mm"
2002-09-28T00:00:00Z,NaN,NaN,20020201028,167123,Sablefish,Anoplopoma fimbria,FALSE,FALSE,A0,SC,177,2947,400601,3,Bering Sea,28,2002,57-172.5,S,,,18:00,57.0168,-172.605,19:00,57.07,-172.53,4.2,NaN,116,45.72,21.94,365.76,,,NaN,NaN,NWE,Northwest Explorer,20510,8827020101,"significant sea state, set after sunrise due to bad weather conditions. This is first tow after 3 days bad weather and no fishing."
2003-09-03T00:00:00Z,NaN,NaN,20030101037,167123,Sablefish,Anoplopoma fimbria,FALSE,FALSE,A0,TC,28,190,400601,3,Bering Sea,37,2003,56.5-166,S,,,0:49,56.5117,-165.9695,1:19,56.4885,-166.0273,4.9,NaN,83.3,60.35,12.07,331.01,,,NaN,NaN,SS,Sea Storm,20510,8827020101,
2003-09-24T00:00:00Z,NaN,NaN,20030101106,167123,Sablefish,Anoplopoma fimbria,FALSE,FALSE,A0,TC,4,171,300400,3,Bering Sea,106,2003,58-168,S,,,5:02,58.0032,-167.9465,5:32,57.9988,-168.013,4.3,NaN,66,45.35,9.14,329.18,,,NaN,NaN,SS,Sea Storm,20510,8827020101,Med. Spread on door hook-up; 300400 is modified 400 into 300
2003-09-24T00:00:00Z,NaN,NaN,20030101107,167123,Sablefish,Anoplopoma fimbria,FALSE,FALSE,A0,TC,10,389,300400,3,Bering Sea,107,2003,58-168.5,S,,,16:41,58.0193,-168.4645,17:11,57.9928,-168.5147,4.5,NaN,66,45.72,10.61,331.01,,,NaN,NaN,SS,Sea Storm,20510,8827020101,Med. Spread on door hook-up; 300400 is modified 400 into 300. bongo 333 frozen
2003-09-24T00:00:00Z,NaN,NaN,20030101108,167123,Sablefish,Anoplopoma fimbria,FALSE,FALSE,A0,SC,102,3733,300400,3,Bering Sea,108,2003,58-169,S,,,19:31,58.015,-168.9807,20:01,57.9825,-169.0275,4.9,NaN,68,44.81,9.51,331.01,,,NaN,NaN,SS,Sea Storm,20510,8827020101,Med. Spread on door hook-up; 300400 is modified 400 into 300
2003-09-24T00:00:00Z,NaN,NaN,20030101109,167123,Sablefish,Anoplopoma fimbria,FALSE,FALSE,A0,SC,52,1725,300400,3,Bering Sea,109,2003,58-169.5,S,,,22:13,58.0238,-169.487,22:43,57.989,-169.5145,4.4,NaN,66,44.44,10.61,331.01,,,NaN,NaN,SS,Sea Storm,20510,8827020101,Med. Spread on door hook-up; 300400 is modified 400 into 300
2003-09-25T00:00:00Z,NaN,NaN,20030101110,167123,Sablefish,Anoplopoma fimbria,FALSE,FALSE,A0,TC,15,385,300400,3,Bering Sea,110,2003,58-170,S,,,1:06,58.0248,-169.9767,1:36,57.9943,-170.0057,4.2,NaN,68,45.72,9.14,329.18,,,NaN,NaN,SS,Sea Storm,20510,8827020101,Med. Spread on door hook-up; 300400 is modified 400 into 300
2003-09-25T00:00:00Z,NaN,NaN,20030101111,167123,Sablefish,Anoplopoma fimbria,FALSE,FALSE,A0,TC,6,175,300400,3,Bering Sea,111,2003,58-170.5,S,,,4:13,58.0242,-170.4773,4:43,57.9893,-170.5038,4.4,NaN,73,44.81,10.61,331.01,,,NaN,NaN,SS,Sea Storm,20510,8827020101,Med. Spread on door hook-up; 300400 is modified 400 into 300. bongo 333 frozen.
2003-09-25T00:00:00Z,NaN,NaN,20030101112,167123,Sablefish,Anoplopoma fimbria,FALSE,FALSE,A0,SC,112,4714,300400,3,Bering Sea,112,2003,59-171,S,,,17:44,59.021,-170.987,18:14,58.983,-171.0098,4.8,NaN,73,46.09,9.88,331.01,,,NaN,NaN,SS,Sea Storm,20510,8827020101,Med. Spread on door hook-up; 300400 is modified 400 into 300
2003-09-25T00:00:00Z,NaN,NaN,20030101113,167123,Sablefish,Anoplopoma fimbria,FALSE,FALSE,A0,SC,31,1125,300400,3,Bering Sea,113,2003,59-170.5,S,,,20:56,59.026,-170.4945,21:26,58.9857,-170.5075,4.8,NaN,68,48.28,9.14,331.01,,,NaN,NaN,SS,Sea Storm,20510,8827020101,Med. Spread on door hook-up; 300400 is modified 400 into 300
2003-09-26T00:00:00Z,NaN,NaN,20030101114,167123,Sablefish,Anoplopoma fimbria,FALSE,FALSE,A0,TC,3,96,300400,3,Bering Sea,114,2003,59-170,S,,,0:12,59.0253,-169.994,0:42,58.9893,-170.0023,4.3,NaN,62,47.55,9.51,331.01,,,NaN,NaN,SS,Sea Storm,20510,8827020101,Med. Spread on door hook-up; 300400 is modified 400 into 300; coccolithophore area-green water
2004-08-25T00:00:00Z,NaN,NaN,20040101032,167123,Sablefish,Anoplopoma fimbria,FALSE,FALSE,A0,TC,2,31,400601,3,Bering Sea,32,2004,57-164,S,,,0:04,56.9935,-164.0103,0:34,56.9738,-164.0513,3.6,NaN,69.3,62.18,15.18,382.22,,,NaN,NaN,SS,Sea Storm,20510,8827020101,
2004-08-26T00:00:00Z,NaN,NaN,20040101039,167123,Sablefish,Anoplopoma fimbria,FALSE,FALSE,A0,TC,1,3,400601,3,Bering Sea,39,2004,57-165,S,,,19:59,57.0018,-164.9773,20:29,57.0117,-164.929,3.4,NaN,70.4,61.81,14.26,382.22,,,NaN,NaN,SS,Sea Storm,20510,8827020101,
2004-08-29T00:00:00Z,NaN,NaN,20040101050,167123,Sablefish,Anoplopoma fimbria,FALSE,FALSE,A0,TC,1,28,400601,3,Bering Sea,50,2004,57.5-167,S,,,15:37,57.4945,-166.9668,16:07,57.4807,-166.9035,4.4,NaN,70.2,60.35,13.9,382.22,,,NaN,NaN,SS,Sea Storm,20510,8827020101,
2004-08-29T00:00:00Z,NaN,NaN,20040101051,167123,Sablefish,Anoplopoma fimbria,FALSE,FALSE,A0,TC,3,88,400601,3,Bering Sea,51,2004,57-167,S,,,19:35,56.985,-166.9802,20:05,56.9645,-166.9317,4.1,NaN,74,61.26,13.9,382.22,,,NaN,NaN,SS,Sea Storm,20510,8827020101,
2004-08-29T00:00:00Z,NaN,NaN,20040101052,167123,Sablefish,Anoplopoma fimbria,FALSE,FALSE,A0,TC,7,112,400601,3,Bering Sea,52,2004,57-166,S,,,23:54,56.9848,-165.9972,0:24,56.9583,-165.9727,3.2,NaN,72.8,59.44,13.17,382.22,,,NaN,NaN,SS,Sea Storm,20510,8827020101,
2004-09-07T00:00:00Z,NaN,NaN,20040101078,167123,Sablefish,Anoplopoma fimbria,FALSE,FALSE,A0,TC,1,26,400601,3,Bering Sea,78,2004,59-170,S,,,2:15,59.0158,-170.0157,2:45,59.0417,-170.0537,3.9,NaN,66.2,61.26,15,382.22,,,NaN,NaN,SS,Sea Storm,20510,8827020101,Towing in the coccolithophore bloom; set the CTD after last tow within the bloom.
2004-09-07T00:00:00Z,NaN,NaN,20040101079,167123,Sablefish,Anoplopoma fimbria,FALSE,FALSE,A0,SC,282,8150,400601,3,Bering Sea,79,2004,58.5-171,S,,,17:01,58.5097,-171.0228,17:31,58.5282,-171.084,4.5,NaN,84.1,64.01,15.18,382.22,,,NaN,NaN,SS,Sea Storm,20510,8827020101,
2004-09-07T00:00:00Z,NaN,NaN,20040101080,167123,Sablefish,Anoplopoma fimbria,FALSE,FALSE,A0,TC,1,25,400601,3,Bering Sea,80,2004,59-171,S,,,21:00,59.0163,-171.0327,21:30,59.0332,-171.0957,4.4,NaN,77.8,63.09,15.73,382.22,,,NaN,NaN,SS,Sea Storm,20510,8827020101,
2004-09-17T00:00:00Z,NaN,NaN,20040101109,167123,Sablefish,Anoplopoma fimbria,FALSE,FALSE,A0,TC,1,23,400601,3,Bering Sea,109,2004,62.5-173,S,,,22:43,62.5053,-173.0387,23:13,62.5107,-173.1085,4,NaN,61,66.02,14.08,382.22,,,NaN,NaN,SS,Sea Storm,20510,8827020101,
2004-09-25T00:00:00Z,NaN,NaN,20040101127,167123,Sablefish,Anoplopoma fimbria,FALSE,FALSE,A0,TC,1,47,400601,3,Bering Sea,127,2004,61-172,S,,,0:23,60.9852,-172.0155,0:53,60.9537,-172.033,4,NaN,64,66.39,13.53,382.22,,,NaN,NaN,SS,Sea Storm,20510,8827020101,
2004-09-29T00:00:00Z,NaN,NaN,20040101139,167123,Sablefish,Anoplopoma fimbria,FALSE,FALSE,A0,TC,1,29,400601,3,Bering Sea,139,2004,60-170,S,,,0:01,59.9878,-170.0498,0:31,59.9628,-170.1102,4.9,NaN,55,60.72,13.71,382.22,,,NaN,NaN,SS,Sea Storm,20510,8827020101,
2004-10-01T00:00:00Z,NaN,NaN,20040101143,167123,Sablefish,Anoplopoma fimbria,FALSE,FALSE,A0,TC,1,72,400601,3,Bering Sea,143,2004,59.5-172,S,,,4:00,59.4997,-171.9733,4:30,59.4947,-171.9087,4,NaN,79,64.01,15.91,382.22,,,NaN,NaN,SS,Sea Storm,20510,8827020101,"Some coccolithophore bloom, but not as pronounced as at last station."
2005-08-19T00:00:00Z,NaN,NaN,20050101016,167123,Sablefish,Anoplopoma fimbria,FALSE,FALSE,U,TC,1,650,400601,3,Bering Sea,16,2005,56-162,S,,,3:28,56.0098,-161.9408,3:58,56.0043,-161.8585,5.6,NaN,54,66.93,13.53,367.6,,,NaN,NaN,SS,Sea Storm,20510,8827020101,lots of fish sign 10m to bottom
2005-08-26T00:00:00Z,NaN,NaN,20050101036,167123,Sablefish,Anoplopoma fimbria,FALSE,FALSE,A0,SC,155,2520,400601,3,Bering Sea,36,2005,57-166,S,,,15:58,56.9825,-166.0073,16:28,56.9573,-165.9773,3.7,NaN,70.2,69.68,15,365.7,,,NaN,NaN,SS,Sea Storm,20510,8827020101,3-wire problems
2005-08-27T00:00:00Z,NaN,NaN,20050101038,167123,Sablefish,Anoplopoma fimbria,FALSE,FALSE,A0,TC,28,585,400601,3,Bering Sea,38,2005,57-164,S,,,0:40,56.9868,-163.9768,1:10,56.9543,-163.9328,4.8,NaN,70,68.76,15.36,365.7,,,NaN,NaN,SS,Sea Storm,20510,8827020101,lots of fish sign at 30m
2005-08-27T00:00:00Z,NaN,NaN,20050101039,167123,Sablefish,Anoplopoma fimbria,FALSE,FALSE,A0,TC,1,14,400601,3,Bering Sea,39,2005,56.5-164,S,,,4:26,56.4797,-163.9845,4:56,56.4495,-163.9442,4.5,NaN,82.9,68.03,14.45,365.7,,,NaN,NaN,SS,Sea Storm,20510,8827020101,some sign at 35m
2005-08-27T00:00:00Z,NaN,NaN,20050101040,167123,Sablefish,Anoplopoma fimbria,FALSE,FALSE,A0,TC,1,17,400601,3,Bering Sea,40,2005,56.5-165,S,,,15:52,56.5143,-165.0008,16:22,56.5443,-165.0007,3.7,NaN,79.3,66.57,14.63,365.7,,,NaN,NaN,SS,Sea Storm,20510,8827020101,fish sign from surface to 40m
2005-09-02T00:00:00Z,NaN,NaN,20050101050,167123,Sablefish,Anoplopoma fimbria,FALSE,FALSE,A0,TC,30,570,400601,3,Bering Sea,50,2005,56.5-166,S,,,16:21,56.4937,-166.0093,16:51,56.5152,-165.958,4.3,NaN,88,67.67,14.63,365.7,,,NaN,NaN,SS,Sea Storm,20510,8827020101,
2005-09-06T00:00:00Z,NaN,NaN,20050101058,167123,Sablefish,Anoplopoma fimbria,FALSE,FALSE,A0,TC,18,350,400601,3,Bering Sea,58,2005,56.5-167,S,,,5:34,56.5132,-166.9665,6:04,56.5412,-166.9198,4.6,NaN,106,67.3,14.63,365.7,,,NaN,NaN,SS,Sea Storm,20510,8827020101,
2005-09-06T00:00:00Z,NaN,NaN,20050101059,167123,Sablefish,Anoplopoma fimbria,FALSE,FALSE,A0,TC,1,23,400601,3,Bering Sea,59,2005,57-167,S,,,15:38,57.0148,-166.9825,16:08,57.0443,-166.9447,4.4,NaN,74,65.84,15.55,365.7,,,NaN,NaN,SS,Sea Storm,20510,8827020101,
2005-09-09T00:00:00Z,NaN,NaN,20050101068,167123,Sablefish,Anoplopoma fimbria,FALSE,FALSE,A0,TC,3,49,400601,3,Bering Sea,68,2005,57-170,S,,,20:11,57.0075,-169.9523,20:41,57.0287,-169.8843,5.1,NaN,65,67.67,13.9,365.7,,,NaN,NaN,SS,Sea Storm,20510,8827020101,
2005-09-10T00:00:00Z,NaN,NaN,20050101069,167123,Sablefish,Anoplopoma fimbria,FALSE,FALSE,A0,TC,61,1350,400601,3,Bering Sea,69,2005,57.5-170,S,,,2:07,57.4962,-169.9657,2:37,57.5002,-169.9002,4.2,NaN,69,67.67,14.26,365.7,,,NaN,NaN,SS,Sea Storm,20510,8827020101,
2005-09-13T00:00:00Z,NaN,NaN,20050101071,167123,Sablefish,Anoplopoma fimbria,FALSE,FALSE,A0,SC,295,6560,400601,3,Bering Sea,71,2005,57-169,S,,,16:53,57.017,-169.0075,17:23,57.0522,-169.0218,4.3,NaN,78,65.84,14.26,365.7,,,NaN,NaN,SS,Sea Storm,20510,8827020101,Delayed station for full sunlight. Canceled oceanography.
2005-09-13T00:00:00Z,NaN,NaN,20050101072,167123,Sablefish,Anoplopoma fimbria,FALSE,FALSE,A0,TC,16,354,400601,3,Bering Sea,72,2005,57-168,S,,,22:58,57.0248,-167.9872,23:28,57.0632,-167.9697,4.9,NaN,79,66.75,14.26,365.7,,,NaN,NaN,SS,Sea Storm,20510,8827020101,
2005-09-14T00:00:00Z,NaN,NaN,20050101074,167123,Sablefish,Anoplopoma fimbria,FALSE,FALSE,A0,TC,1,26,400601,3,Bering Sea,74,2005,58-168,S,,,7:05,58.014,-167.9935,7:35,58.0462,-167.9788,4,NaN,68,67.67,14.26,365.7,,,NaN,NaN,SS,Sea Storm,20510,8827020101,DARK/NIGHT TOW. Lost bottom of 505 cod end. Only collected 333. 3 Pandalid shrimp 8g in catch.
2005-09-30T00:00:00Z,NaN,NaN,20050101106,167123,Sablefish,Anoplopoma fimbria,FALSE,FALSE,A0,TC,1,17,400601,3,Bering Sea,106,2005,61-173,S,,,19:45,60.9858,-173.0105,20:15,60.9518,-173.032,4.3,NaN,69,65.84,14.63,365.7,,,NaN,NaN,SS,Sea Storm,20510,8827020101,
2005-09-30T00:00:00Z,NaN,NaN,20050101107,167123,Sablefish,Anoplopoma fimbria,FALSE,FALSE,A0,TC,3,51,400601,3,Bering Sea,107,2005,61-174,S,,,23:50,60.9922,-174.008,0:20,60.9593,-174.0063,4,NaN,82,66.75,14.08,365.7,,,NaN,NaN,SS,Sea Storm,20510,8827020101,
2005-10-01T00:00:00Z,NaN,NaN,20050101108,167123,Sablefish,Anoplopoma fimbria,FALSE,FALSE,A0,TC,5,90,400601,3,Bering Sea,108,2005,60.5-174,S,,,3:54,60.4893,-174.0028,4:24,60.4573,-174.0015,4,NaN,87,65.84,13.9,365.7,,,NaN,NaN,SS,Sea Storm,20510,8827020101,
2005-10-05T00:00:00Z,NaN,NaN,20050101122,167123,Sablefish,Anoplopoma fimbria,FALSE,FALSE,A0,TC,5,170,400601,3,Bering Sea,122,2005,59-169,S,,,22:33,58.9825,-169.0103,23:03,58.9457,-169.0357,4.8,NaN,52,65.84,13.71,365.7,,,NaN,NaN,SS,Sea Storm,20510,8827020101,
2005-10-06T00:00:00Z,NaN,NaN,20050101123,167123,Sablefish,Anoplopoma fimbria,FALSE,FALSE,A0,TC,33,1160,400601,3,Bering Sea,123,2005,58.5-169,S,,,2:56,58.4877,-169.0157,3:26,58.4557,-169.0418,4.2,NaN,67,65.84,14.63,365.7,,,NaN,NaN,SS,Sea Storm,20510,8827020101,
2005-10-07T00:00:00Z,NaN,NaN,20050101126,167123,Sablefish,Anoplopoma fimbria,FALSE,FALSE,A0,TC,3,97,400601,3,Bering Sea,126,2005,59.5-172,S,,,0:16,59.4945,-172.047,0:46,59.4792,-172.1173,4.5,NaN,81,66.75,14.26,365.7,,,NaN,NaN,SS,Sea Storm,20510,8827020101,
2006-08-18T00:00:00Z,NaN,NaN,20060101004,167123,Sablefish,Anoplopoma fimbria,FALSE,FALSE,A0,TC,1,2,400601,3,Bering Sea,4,2006,55-166,S,,,1:15,54.9883,-165.9667,1:45,54.9667,-165.9042,5,NaN,136,62.18,13.53,347.47,,,NaN,NaN,SS,Sea Storm,20510,8827020101,backscatter at 62 m
2006-08-20T00:00:00Z,NaN,NaN,20060101011,167123,Sablefish,Anoplopoma fimbria,FALSE,FALSE,A0,TC,1,2,400601,3,Bering Sea,11,2006,56-168,S,,,6:01,55.986,-167.9698,6:31,55.9912,-167.9083,4.4,NaN,136,62.18,14.63,347.47,,,NaN,NaN,SS,Sea Storm,20510,8827020101,backscatter 30 m
2006-08-25T00:00:00Z,NaN,NaN,20060101034,167123,Sablefish,Anoplopoma fimbria,FALSE,FALSE,A0,SC,1330,5852,400601,3,Bering Sea,34,2006,57.5-170,S,,,23:56,57.478,-170.0138,0:26,57.4412,-170.0032,4.5,NaN,65,63.09,14.63,347.47,,,NaN,NaN,SS,Sea Storm,20510,8827020101,backscatter at 0-65 m
2006-08-27T00:00:00Z,NaN,NaN,20060101041,167123,Sablefish,Anoplopoma fimbria,FALSE,FALSE,A0,TC,2,8,400601,3,Bering Sea,41,2006,58.5-171,S,,,19:31,58.5182,-170.989,20:01,58.5567,-170.978,4.6,NaN,82,64.01,14.26,347.47,,,NaN,NaN,SS,Sea Storm,20510,8827020101,backscatter at 10-30 m and 75-90 m. Saved a frozen sample of greenling for Bruce Wing to identify.
2006-08-29T00:00:00Z,NaN,NaN,20060101046,167123,Sablefish,Anoplopoma fimbria,FALSE,FALSE,A0,SC,118,366,400601,3,Bering Sea,46,2006,58.5-172,S,,,0:54,58.5152,-171.9585,1:24,58.5367,-171.9013,4.4,NaN,97,64.56,14.26,347.47,,,NaN,NaN,SS,Sea Storm,20510,8827020101,backscater schools top 35 m
2006-08-29T00:00:00Z,NaN,NaN,20060101049,167123,Sablefish,Anoplopoma fimbria,FALSE,FALSE,A0,TC,43,247,400601,3,Bering Sea,49,2006,57-172,S,,,20:02,56.9777,-171.9902,20:32,56.9418,-171.9927,4.4,NaN,117,64.01,14.45,347.47,,,NaN,NaN,SS,Sea Storm,20510,8827020101,"backscatter distributed throughout top to bottom,  4 Hormathidae 120g."
2006-08-30T00:00:00Z,NaN,NaN,20060101051,167123,Sablefish,Anoplopoma fimbria,FALSE,FALSE,A0,TC,1,5,400601,3,Bering Sea,51,2006,56.5-173,S,,,4:38,56.4858,-172.9935,5:08,56.4725,-172.9375,3.9,NaN,963,63.09,14.26,347.47,,,NaN,NaN,SS,Sea Storm,20510,8827020101,very little backscatter to 50 m. Short tailed albatross sighted at this tow location.
2006-09-01T00:00:00Z,NaN,NaN,20060201039,167123,Sablefish,Anoplopoma fimbria,FALSE,FALSE,U,TC,1,670,400601,3,Bering Sea,39,2006,56-163,S,,,15:58,55.9947,-162.8062,16:28,55.9888,-162.9177,3.9,NaN,80,62.18,14.63,347.47,,,NaN,NaN,NWE,Northwest Explorer,20510,8827020101,"ctd separated, 1st station after the storm"
2006-09-03T00:00:00Z,NaN,NaN,20060201045,167123,Sablefish,Anoplopoma fimbria,FALSE,FALSE,A0,TC,1,10,400601,3,Bering Sea,45,2006,56-165,S,,,0:34,56.0247,-164.9992,1:04,56.056,-165.039,4.4,NaN,91,62.18,12.8,347.47,,,NaN,NaN,NWE,Northwest Explorer,20510,8827020101,
2007-09-16T00:00:00Z,NaN,NaN,20070101080,167123,Sablefish,Anoplopoma fimbria,FALSE,FALSE,A0,TC,31,226,400601,3,Bering Sea,80,2007,57-171,S,,,0:17,57.0043,-170.9648,0:47,57.0245,-170.9172,4,NaN,100,65.83,16.45,365.7,,,NaN,NaN,SS,Sea Storm,20510,8827020101,
2007-10-05T00:00:00Z,NaN,NaN,20070101125,167123,Sablefish,Anoplopoma fimbria,FALSE,FALSE,A0,TC,1,20,400601,3,Bering Sea,125,2007,59.5-172,S,,,23:30,59.4848,-171.966,0:00,59.4615,-171.917,5.2,NaN,78.1,66.56,15.36,365.7,,,NaN,NaN,SS,Sea Storm,20510,8827020101,"COLD, SNOW, No Oceanography - Swells Huge"
2007-09-21T00:00:00Z,NaN,NaN,20070302065,167123,Sablefish,Anoplopoma fimbria,FALSE,FALSE,A0,TC,1,6,400601,3,Bering Sea,65,2007,58-170,S,,,22:49,57.9745,-169.9303,23:19,57.9552,-169.8693,4.5,NaN,74,58,15,360,,,NaN,NaN,OD,Oscar Dyson,20510,8827020101,Distance 4.1 Km; 4m headrope; Ground speed 4.5
2009-09-25T00:00:00Z,NaN,NaN,20090305073,167123,Sablefish,Anoplopoma fimbria,FALSE,FALSE,A0,TC,3,26,400601,3,Bering Sea,73,2009,57-173,S,,,2:58,57.0202,-173.0708,3:28,57.0457,-173.1217,4.7,NaN,129.2,56,15.1,187,,,NaN,NaN,OD,Oscar Dyson,20510,8827020101,
2010-07-09T00:00:00Z,NaN,NaN,20100202021,167123,Sablefish,Anoplopoma fimbria,FALSE,FALSE,A0,,1,NaN,NOR264,3,Gulf of Alaska,21,2010,st15,S,,,20:32,57.76,-138.9838,21:02,57.7848,-138.9753,2.8,NaN,3400,18,21,150,11,,NaN,NaN,NWE,Northwest Explorer,20510,8827020101,2 big sperm whales at haul back
2010-07-15T00:00:00Z,NaN,NaN,20100202039,167123,Sablefish,Anoplopoma fimbria,FALSE,FALSE,A0,,1,NaN,NOR264,3,Gulf of Alaska,39,2010,st58,S,,,1:31,57.1364,-136.1596,2:01,57.1592,-136.1427,2.9,NaN,198,19,20.5,150,29,,NaN,NaN,NWE,Northwest Explorer,20510,8827020101,"current running under boat, on shelf near shore"
2010-09-11T00:00:00Z,NaN,NaN,20100501010,167123,Sablefish,Anoplopoma fimbria,FALSE,FALSE,A0,TC,1,3,400601,3,Bering Sea,10,2010,58.5-171,S,,,17:57,58.5322,-170.998,18:27,58.5702,-171.0017,4.6,NaN,83,47,23,219.46,,,NaN,NaN,EE,Epic Explorer,20510,8827020101,"N 1 kt current, CTD 8.714 31.37, rpm 1100"
2011-07-15T00:00:00Z,NaN,NaN,20110201047,167123,Sablefish,Anoplopoma fimbria,FALSE,FALSE,A0,,1,NaN,400601,3,Gulf of Alaska,47,2011,SEJ30,S,,,2:12,57.5658,-137.3028,2:42,57.5542,-137.363,4,NaN,2065,38.9,29.6,183,250,,NaN,NaN,NWE,Northwest Explorer,20510,8827020101,
2011-08-06T00:00:00Z,NaN,NaN,20110202086,167123,Sablefish,Anoplopoma fimbria,FALSE,FALSE,A0,,1,480,400601,3,Gulf of Alaska,86,2011,hh217,S,,,21:13,59.4482,-149.3617,21:43,59.4734,-149.3829,3.6,NaN,138,41,30,184,336,,NaN,NaN,NWE,Northwest Explorer,20510,8827020101,
2012-07-05T00:00:00Z,NaN,NaN,20120201010,167123,Sablefish,Anoplopoma fimbria,FALSE,FALSE,A0,,8,NaN,400601,3,Gulf of Alaska,10,2012,SEC40,S,,,2:46,56.4338,-136.5058,3:13,56.451,-136.5416,3.1,NaN,2136,42,39.4,182.8,309,,NaN,NaN,NWE,Northwest Explorer,20510,8827020101,
2012-07-07T00:00:00Z,NaN,NaN,20120201020,167123,Sablefish,Anoplopoma fimbria,FALSE,FALSE,A0,,1,NaN,400601,3,Gulf of Alaska,20,2012,D,L,,,0:52,57.3092,-138.1497,1:22,57.3289,-138.185,3.5,NaN,2619,42.3,34.2,182.8,313,,NaN,NaN,NWE,Northwest Explorer,20510,8827020101,1.5 milles west of SEJ60. Did not fish SEJ60 because of porpoise presence
2012-07-19T00:00:00Z,NaN,NaN,20120201076,167123,Sablefish,Anoplopoma fimbria,FALSE,FALSE,A0,,10,NaN,400601,3,Gulf of Alaska,76,2012,SEM70,S,,,18:28,57.6925,-138.8607,18:58,57.7069,-138.819,3.2,NaN,3129,45.4,41.1,186.66,57,,NaN,NaN,NWE,Northwest Explorer,20510,8827020101,
2012-09-06T00:00:00Z,NaN,NaN,20120203156,167123,Sablefish,Anoplopoma fimbria,FALSE,FALSE,A0,,1,NaN,NOR264,3,Gulf of Alaska,156,2012,R,L,,,23:56,57.8772,-136.9398,0:26,57.8721,-136.8971,2.8,NaN,441,18.3,21.3,182.88,89,,NaN,NaN,NWE,Northwest Explorer,20510,8827020101,
2012-09-07T00:00:00Z,NaN,NaN,20120203157,167123,Sablefish,Anoplopoma fimbria,FALSE,FALSE,A0,,1,NaN,NOR264,3,Gulf of Alaska,157,2012,S,L,,,1:11,57.9128,-136.8107,1:41,57.9192,-136.7661,2.8,NaN,154,17.4,21.5,182.88,74,,NaN,NaN,NWE,Northwest Explorer,20510,8827020101,
2013-08-04T00:00:00Z,NaN,NaN,20130202095,167123,Sablefish,Anoplopoma fimbria,FALSE,FALSE,A0,,1,500,400601,3,Gulf of Alaska,95,2013,YBC10,S,,,2:25,59.3459,-140.0576,2:55,59.3661,-140.0921,3.2,NaN,158,42.05,38.65,188.5266,324,,NaN,NaN,NWE,Northwest Explorer,20510,8827020101,"Done for the day, won't be able to get another station in tonight,Also won't be able to get any stations done at Kayak tomorrow due to the long transit"
2013-09-09T00:00:00Z,NaN,NaN,20130203177,167123,Sablefish,Anoplopoma fimbria,FALSE,FALSE,A0,,1,42,400601,3,Gulf of Alaska,177,2013,YBC0,S,,,16:59,59.4993,-139.9024,17:29,59.4868,-139.8769,2.26,NaN,65.7,41.73,39.9,183,135,,NaN,NaN,NWE,Northwest Explorer,20510,8827020101,Morning set in front of Yakutat. Will steam all day to SEM40
2013-09-09T00:00:00Z,NaN,NaN,20130203178,167123,Sablefish,Anoplopoma fimbria,FALSE,FALSE,A0,,1,88,400601,3,Gulf of Alaska,178,2013,3NW13MWT31,M,,,19:06,59.4665,-139.9241,19:31,59.4793,-139.8997,2.83,NaN,127,57.45,20.15,179,38,,NaN,NaN,NWE,Northwest Explorer,20510,8827020101,HR depth = 45-51m
2014-08-13T00:00:00Z,NaN,NaN,20140204096,167123,Sablefish,Anoplopoma fimbria,FALSE,FALSE,A0,,1476,72248,400601,3,Gulf of Alaska,96,2014,YBC70,S,,,1:12,58.5223,-141.1454,1:42,58.5483,-141.1515,3.15,NaN,3471,44.9,39.4,100,354,,NaN,NaN,NWE,Northwest Explorer,20510,8827020101,
2014-08-15T00:00:00Z,NaN,NaN,20140204105,167123,Sablefish,Anoplopoma fimbria,FALSE,FALSE,A0,,510,28272,400601,3,Gulf of Alaska,105,2014,YBE10,S,,,2:59,59.5342,-140.6287,2:19,59.5474,-140.6808,3.55,NaN,261,43.83,37.3,100,295,,NaN,NaN,NWE,Northwest Explorer,20510,8827020101,
2014-08-20T00:00:00Z,NaN,NaN,20140204125,167123,Sablefish,Anoplopoma fimbria,FALSE,FALSE,A0,,60,3140,400601,3,Gulf of Alaska,125,2014,YBH10,S,,,23:16,59.7542,-141.9309,23:46,59.7605,-141.896,2.2,NaN,94,45.6,39.5,100,68,,NaN,NaN,NWE,Northwest Explorer,20510,8827020101,
2014-08-23T00:00:00Z,NaN,NaN,20140204136,167123,Sablefish,Anoplopoma fimbria,FALSE,FALSE,A0,,1,48,400601,3,Gulf of Alaska,136,2014,SER70,S,,,15:50,58.1546,-140.0966,16:20,58.1725,-140.0699,2.8,NaN,3405,41.9,39.1,100,38,,NaN,NaN,NWE,Northwest Explorer,20510,8827020101,
2014-08-23T00:00:00Z,NaN,NaN,20140204138,167123,Sablefish,Anoplopoma fimbria,FALSE,FALSE,A0,,20,1244,400601,3,Gulf of Alaska,138,2014,SER40,S,,,21:52,58.5648,-139.5624,22:22,58.5852,-139.5382,2.8,NaN,258,45.2,43.5,100,26,,NaN,NaN,NWE,Northwest Explorer,20510,8827020101,
2014-08-24T00:00:00Z,NaN,NaN,20140204142,167123,Sablefish,Anoplopoma fimbria,FALSE,FALSE,A0,,652,47985,400601,3,Gulf of Alaska,142,2014,SER0,S,,,20:51,59.1152,-138.8114,21:21,59.1226,-138.859,3.1,NaN,50,45.2,36.8,100,291,,NaN,NaN,NWE,Northwest Explorer,20510,8827020101,
2014-08-19T00:00:00Z,NaN,NaN,20140308003,167123,Sablefish,Anoplopoma fimbria,FALSE,FALSE,U,TC,1,4,400601,3,Bering Sea,3,2014,56-163,S,,,0:44,56.002,-162.978,1:14,56.007,-162.907,0,NaN,85,55.5,21,200,,,NaN,NaN,OD,Oscar Dyson,20510,8827020101,Footrope depth based on ITI sensor - 20-22m.  Vessel speed 4.1-4.3kts.
2014-08-29T00:00:00Z,NaN,NaN,20140308065,167123,Sablefish,Anoplopoma fimbria,FALSE,FALSE,U,TC,1,16,400601,3,Bering Sea,65,2014,57.5-167,S,,,16:09,57.485,-167.024,16:39,57.463,-167.071,0,NaN,69,55.5,14.5,200,,,NaN,NaN,OD,Oscar Dyson,20510,8827020101,FR depth 22-26m.  Vessel speed 4.2kts.
2014-09-05T00:00:00Z,NaN,NaN,20140308076,167123,Sablefish,Anoplopoma fimbria,FALSE,FALSE,U,TC,61,1620,400601,3,Bering Sea,76,2014,56.5-169,S,,,23:36,56.532,-169.007,0:06,56.573,-168.998,0,NaN,NaN,55.5,14.5,205,,,NaN,NaN,OD,Oscar Dyson,20510,8827020101,
2014-09-06T00:00:00Z,NaN,NaN,20140308083,167123,Sablefish,Anoplopoma fimbria,FALSE,FALSE,U,TC,1,20,400601,3,Bering Sea,83,2014,57.5-168,S,,,22:56,57.511,-167.972,23:26,57.512,-167.911,0,NaN,NaN,55.5,14.5,200,,,NaN,NaN,OD,Oscar Dyson,20510,8827020101,
2014-09-07T00:00:00Z,NaN,NaN,20140308084,167123,Sablefish,Anoplopoma fimbria,FALSE,FALSE,U,TC,2,80,400601,3,Bering Sea,84,2014,58-168,S,,,2:41,58.006,-167.973,3:11,58.009,-167.9,0,NaN,NaN,55.5,14.5,200,,,NaN,NaN,OD,Oscar Dyson,20510,8827020101,
2014-09-07T00:00:00Z,NaN,NaN,20140308085,167123,Sablefish,Anoplopoma fimbria,FALSE,FALSE,U,TC,1,6,MAR,3,Bering Sea,85,2014,58-168,M,,,5:25,58.016,-167.922,5:33,58.015,-167.907,0,NaN,NaN,8.5,5.4,70,,,NaN,NaN,OD,Oscar Dyson,20510,8827020101,
2014-09-11T00:00:00Z,NaN,NaN,20140308108,167123,Sablefish,Anoplopoma fimbria,FALSE,FALSE,U,SC,451.232,15410,400601,3,Bering Sea,108,2014,58.5-172,S,,,16:39,58.5,-171.995,17:09,58.472,-171.986,0,NaN,NaN,55.5,14.5,185,,,NaN,NaN,OD,Oscar Dyson,20510,8827020101,
2014-09-11T00:00:00Z,NaN,NaN,20140308109,167123,Sablefish,Anoplopoma fimbria,FALSE,FALSE,U,TC,2,70,400601,3,Bering Sea,109,2014,58-172,S,,,21:53,57.959,-171.965,22:13,57.934,-171.949,0,NaN,NaN,55.5,14.5,205,,,NaN,NaN,OD,Oscar Dyson,20510,8827020101,Early haul back due to fur seal near port buoy
2014-09-12T00:00:00Z,NaN,NaN,20140308111,167123,Sablefish,Anoplopoma fimbria,FALSE,FALSE,U,SC,4091.4031,178947.2,400601,3,Bering Sea,111,2014,58-171.25,S,,,2:43,58,-171.136,3:13,58.001,-171.082,0,NaN,NaN,55.5,14.5,190,,,NaN,NaN,OD,Oscar Dyson,20510,8827020101,
2014-09-15T00:00:00Z,NaN,NaN,20140308120,167123,Sablefish,Anoplopoma fimbria,FALSE,FALSE,U,TC,87,4500,400601,3,Bering Sea,120,2014,57.5-171,S,,,17:39,57.456,-171.002,18:09,57.427,-171.004,0,NaN,NaN,55.5,14.5,180,,,NaN,NaN,OD,Oscar Dyson,20510,8827020101,
2014-09-15T00:00:00Z,NaN,NaN,20140308121,167123,Sablefish,Anoplopoma fimbria,FALSE,FALSE,U,TC,13,640,400601,3,Bering Sea,121,2014,57-171,S,,,21:53,56.993,-171.03,22:23,56.992,-171.088,0,NaN,NaN,55.5,14.5,187.5,,,NaN,NaN,OD,Oscar Dyson,20510,8827020101,
2014-09-16T00:00:00Z,NaN,NaN,20140308122,167123,Sablefish,Anoplopoma fimbria,FALSE,FALSE,U,SC,1551.7241,63000,400601,3,Bering Sea,122,2014,57-172,S,,,2:28,56.993,-171.957,2:58,56.98,-171.902,0,NaN,NaN,55.5,14.5,187.5,,,NaN,NaN,OD,Oscar Dyson,20510,8827020101,
2014-09-16T00:00:00Z,NaN,NaN,20140308124,167123,Sablefish,Anoplopoma fimbria,FALSE,FALSE,U,TC,20,790,400601,3,Bering Sea,124,2014,56.5-171,S,,,16:35,56.507,-171.079,17:05,56.516,-171.024,0,NaN,NaN,55.5,14.5,170,,,NaN,NaN,OD,Oscar Dyson,20510,8827020101,
2014-09-27T00:00:00Z,NaN,NaN,20140308205,167123,Sablefish,Anoplopoma fimbria,FALSE,FALSE,U,TC,6,260,400601,3,Bering Sea,205,2014,59.5-173,S,,,17:34,59.502,-172.969,18:04,59.504,-172.901,0,NaN,NaN,55.5,21,205,,,NaN,NaN,OD,Oscar Dyson,20510,8827020101,ITI NOT WORKING AFTER FIRST FEW MIN
2014-09-28T00:00:00Z,NaN,NaN,20140308210,167123,Sablefish,Anoplopoma fimbria,FALSE,FALSE,U,TC,46,2660,400601,3,Bering Sea,210,2014,59-173,S,,,17:35,58.991,-172.996,18:05,58.96,-172.991,0,NaN,NaN,55.5,18.5,210,,,NaN,NaN,OD,Oscar Dyson,20510,8827020101,out of cocco bloom this trawl. all trawls yesterday were in bloom.
2014-09-28T00:00:00Z,NaN,NaN,20140308211,167123,Sablefish,Anoplopoma fimbria,FALSE,FALSE,U,TC,6,450,400601,3,Bering Sea,211,2014,58.75-173,M,,,20:52,58.729,-172.991,21:12,58.741,-173.01,0,NaN,NaN,NaN,13.69,256.90457,,,NaN,NaN,OD,Oscar Dyson,20510,8827020101,
2014-09-29T00:00:00Z,NaN,NaN,20140308212,167123,Sablefish,Anoplopoma fimbria,FALSE,FALSE,U,TC,185,10520,400601,3,Bering Sea,212,2014,58.5-173,S,,,0:13,58.467,-173.001,0:43,58.435,-172.976,0,NaN,NaN,55.5,21.3,195,,,NaN,NaN,OD,Oscar Dyson,20510,8827020101,
2014-09-29T00:00:00Z,NaN,NaN,20140308213,167123,Sablefish,Anoplopoma fimbria,FALSE,FALSE,U,TC,9,600,400601,3,Bering Sea,213,2014,58-173,S,,,3:22,58.044,-173.034,3:52,58.015,-173.011,0,NaN,NaN,55.5,22,200,,,NaN,NaN,OD,Oscar Dyson,20510,8827020101,
2014-09-29T00:00:00Z,NaN,NaN,20140308215,167123,Sablefish,Anoplopoma fimbria,FALSE,FALSE,U,SC,58.6667,3680,400601,3,Bering Sea,215,2014,57.5-173,S,,,17:30,57.519,-172.982,18:00,57.538,-172.925,0,NaN,NaN,55.5,14,208.5,,,NaN,NaN,OD,Oscar Dyson,20510,8827020101,shallow tow! maybe current below surface layer?
2014-09-29T00:00:00Z,NaN,NaN,20140308216,167123,Sablefish,Anoplopoma fimbria,FALSE,FALSE,U,TC,73,5180,400601,3,Bering Sea,216,2014,57.5-172,S,,,22:39,57.49,-172.028,23:09,57.465,-172.077,0,NaN,NaN,55.5,14.5,186,,,NaN,NaN,OD,Oscar Dyson,20510,8827020101,
2014-09-30T00:00:00Z,NaN,NaN,20140308219,167123,Sablefish,Anoplopoma fimbria,FALSE,FALSE,U,TC,104,6090,400601,3,Bering Sea,219,2014,56.5-172,S,,,17:25,56.513,-171.941,17:55,56.518,-171.885,0,NaN,NaN,55.5,14.5,182,,,NaN,NaN,OD,Oscar Dyson,20510,8827020101,
2015-09-16T00:00:00Z,NaN,NaN,20150308037,167123,Sablefish,Anoplopoma fimbria,FALSE,FALSE,U,TC,1,16,NETS156,3,Bering Sea,37,2015,55.5-166,O,,,7:29,55.4944,-166.0368,7:53,55.4948,-166.0633,0,NaN,0,17,7.5,300,,,NaN,NaN,OD,Oscar Dyson,20510,8827020101,
2016-07-05T00:00:00Z,NaN,NaN,20160202003,167123,Sablefish,Anoplopoma fimbria,FALSE,FALSE,A1+,TC,13,6620,400601,3,Gulf of Alaska,3,2016,YBE20,S,,,23:01,59.4126,-140.8206,23:32,59.3929,-140.7837,NaN,NaN,151,48.47,36.49,101,,,NaN,NaN,NWE,Northwest Explorer,20510,8827020101,
2016-07-07T00:00:00Z,NaN,NaN,20160202007,167123,Sablefish,Anoplopoma fimbria,FALSE,FALSE,A0,TC,1,13,400601,3,Gulf of Alaska,7,2016,YBC20,S,,,1:17,59.2074,-140.2466,1:47,59.2247,-140.2865,NaN,NaN,122,44.89,35.26,101,,,NaN,NaN,NWE,Northwest Explorer,20510,8827020101,
2016-07-08T00:00:00Z,NaN,NaN,20160202014,167123,Sablefish,Anoplopoma fimbria,FALSE,FALSE,A0,TC,1,10,400601,3,Gulf of Alaska,14,2016,YBA70,S,,,23:52,58.3395,-140.6375,0:22,58.3466,-140.5957,NaN,NaN,3317,46.39,37,101,,,NaN,NaN,NWE,Northwest Explorer,20510,8827020101,
2016-08-05T00:00:00Z,NaN,NaN,20160204002,167123,Sablefish,Anoplopoma fimbria,FALSE,FALSE,A0,SC,150,8449,NOR264,3,Gulf of Alaska,2,2016,SEI20,L,,,20:50,57.4952,-136.8734,21:50,57.5378,-136.9422,3.15,NaN,1772,18.9,18.76,101,327,,NaN,NaN,NWE,Northwest Explorer,20510,8827020101,Switched to 1 hour tows due to small sample
2016-08-06T00:00:00Z,NaN,NaN,20160204004,167123,Sablefish,Anoplopoma fimbria,FALSE,FALSE,A0,SC,2024,124880,NOR264,3,Gulf of Alaska,4,2016,SEH20,L,,,4:07,57.3519,-136.7498,5:07,57.3434,-136.6469,3.36,NaN,1741,18.73,19.26,100,86,,NaN,NaN,NWE,Northwest Explorer,20510,8827020101,
2016-08-06T00:00:00Z,NaN,NaN,20160204005,167123,Sablefish,Anoplopoma fimbria,FALSE,FALSE,A0,TC,14,864,NOR264,3,Gulf of Alaska,5,2016,SEG60,L,,,17:37,56.8922,-137.6657,18:37,56.8788,-137.5681,3.3,NaN,2670,17.5,19.65,101,102,,NaN,NaN,NWE,Northwest Explorer,20510,8827020101,"14 A0 Sablefish, lots of A0 Rockfish, no POP"
2016-08-06T00:00:00Z,NaN,NaN,20160204006,167123,Sablefish,Anoplopoma fimbria,FALSE,FALSE,A0,TC,22,1141,NOR264,3,Gulf of Alaska,6,2016,SEG40,L,,,21:01,57.0548,-137.1492,22:01,57.027,-137.0471,3.63,NaN,NaN,18.73,19.36,101,115,,NaN,NaN,NWE,Northwest Explorer,20510,8827020101,
2016-08-07T00:00:00Z,NaN,NaN,20160204007,167123,Sablefish,Anoplopoma fimbria,FALSE,FALSE,A0,SC,976,52022,NOR264,3,Gulf of Alaska,7,2016,SEG20,L,,,0:49,57.2127,-136.6166,1:34,57.1993,-136.5457,3.35,NaN,1720,18.7,18.7,101,107,,NaN,NaN,NWE,Northwest Explorer,20510,8827020101,"UAF Bongo, Cut tow 15m early due to porpoise."
2016-08-08T00:00:00Z,NaN,NaN,20160204011,167123,Sablefish,Anoplopoma fimbria,FALSE,FALSE,A0,SC,328,18120,NOR264,3,Gulf of Alaska,11,2016,SEF20,S,,,19:15,57.0423,-136.4273,19:45,57.0505,-136.4558,2.2,NaN,1678,18,19.03,101,302,,NaN,NaN,NWE,Northwest Explorer,20510,8827020101,"Live Box off, building current, likely cause of swell"
2016-08-08T00:00:00Z,NaN,NaN,20160204012,167123,Sablefish,Anoplopoma fimbria,FALSE,FALSE,A0,TC,3,120,NOR264,3,Gulf of Alaska,12,2016,SEE20,S,,,23:26,56.9097,-136.304,23:56,56.9269,-136.317,2.3,NaN,1479,17.8,19.7,101,330,,NaN,NaN,NWE,Northwest Explorer,20510,8827020101,In Current Still
2016-08-09T00:00:00Z,NaN,NaN,20160204014,167123,Sablefish,Anoplopoma fimbria,FALSE,FALSE,A0,TC,31,1890,NOR264,3,Gulf of Alaska,14,2016,SEF20,S,,,19:00,57.0617,-136.4633,20:00,57.0466,-136.3633,3.26,NaN,1637,18.16,18.13,101,93,,NaN,NaN,NWE,Northwest Explorer,20510,8827020101,Side by side gillnet nordic comp. nordic.
2016-08-09T00:00:00Z,NaN,NaN,20160204015,167123,Sablefish,Anoplopoma fimbria,FALSE,FALSE,A0,TC,47,2800,NOR264,3,Gulf of Alaska,15,2016,SEG20,S,,,22:33,57.2058,-136.612,23:33,57.1948,-136.5419,3.43,NaN,1759,18.03,18.76,101,100,,NaN,NaN,NWE,Northwest Explorer,20510,8827020101,Nordic
2016-08-09T00:00:00Z,NaN,NaN,20160204015,167123,Sablefish,Anoplopoma fimbria,FALSE,FALSE,A0,TC,2,60,Gillnet,4,Gulf of Alaska,15,2016,SEG20,G,,,22:09,NaN,NaN,0:50,57.1691,-136.5052,0,NaN,1759,0,0,NaN,,,NaN,NaN,NWE,Northwest Explorer,20510,8827020101,"Gillnet drifted 2.5 miles, difficult to find after haul"
2016-08-10T00:00:00Z,NaN,NaN,20160204016,167123,Sablefish,Anoplopoma fimbria,FALSE,FALSE,A0,TC,2,160,Gillnet,3,Gulf of Alaska,16,2016,SEG20,G,,,3:00,57.2614,-136.704,15:00,0,NaN,0,NaN,1915,0,0,NaN,,,NaN,NaN,NWE,Northwest Explorer,20510,8827020101,"Overnight Set, weather came up overnight"
2016-08-10T00:00:00Z,NaN,NaN,20160204017,167123,Sablefish,Anoplopoma fimbria,FALSE,FALSE,A0,TC,58,5390,NOR264,3,Gulf of Alaska,17,2016,SEG15,S,,,16:05,57.2288,-136.4372,17:05,57.2758,-136.4764,3.1,NaN,966,18.1,19,101,331,,NaN,NaN,NWE,Northwest Explorer,20510,8827020101,Halfway between SEG20 and SEG10
2016-08-10T00:00:00Z,NaN,NaN,20160204018,167123,Sablefish,Anoplopoma fimbria,FALSE,FALSE,A0,TC,4,380,NOR264,3,Gulf of Alaska,18,2016,SEG10,S,,,18:22,57.276,-136.3512,19:22,57.321,-136.29,3.23,NaN,732,17.9,19.6,101,33,,NaN,NaN,NWE,Northwest Explorer,20510,8827020101,
2016-08-12T00:00:00Z,NaN,NaN,20160205003,167123,Sablefish,Anoplopoma fimbria,FALSE,FALSE,A0,SC,2855,234216,NOR264,3,Gulf of Alaska,3,2016,SEI80,S,,,23:00,56.9991,-138.4956,23:30,57.0244,-138.5004,3,NaN,3242,18.2,19.63,102,355,,NaN,NaN,NWE,Northwest Explorer,20510,8827020101,
2016-08-13T00:00:00Z,NaN,NaN,20160205004,167123,Sablefish,Anoplopoma fimbria,FALSE,FALSE,A0,SC,1691,138020,NOR264,3,Gulf of Alaska,4,2016,SEI100,S,,,2:25,56.84,-139.0396,2:55,56.8652,-139.0444,3.83,NaN,3258,19.16,18.4,101,345,,NaN,NaN,NWE,Northwest Explorer,20510,8827020101,"30-35knt winds, 14ft seas.  No oceanography at this station"
2016-08-13T00:00:00Z,NaN,NaN,20160205006,167123,Sablefish,Anoplopoma fimbria,FALSE,FALSE,A0,TC,92,7160,NOR264,3,Gulf of Alaska,6,2016,SEI140,S,,,18:54,56.512,-140.0518,19:24,56.5384,-140.0794,3.4,NaN,3800,17.4,19.33,101,23,,NaN,NaN,NWE,Northwest Explorer,20510,8827020101,Could not get accurate fix on bottom.  Estimate 1900 fathoms
2016-08-14T00:00:00Z,NaN,NaN,20160205009,167123,Sablefish,Anoplopoma fimbria,FALSE,FALSE,A0,TC,100,6828,NOR264,3,Gulf of Alaska,9,2016,SEI200,S,,,15:23,56.0584,-141.5956,15:53,56.0801,-141.5848,2.66,NaN,3200,18.46,18.9,102,15,,NaN,NaN,NWE,Northwest Explorer,20510,8827020101,"1600 fathom is closest surrounding.  Mixed layer depth at 30m, layer of signal carpeting the layer transition"
2016-08-14T00:00:00Z,NaN,NaN,20160205010,167123,Sablefish,Anoplopoma fimbria,FALSE,FALSE,A0,SC,225,19750,NOR264,3,Gulf of Alaska,10,2016,SEK200,S,,,18:44,56.3243,-141.9912,19:14,56.3441,-141.9759,2.56,NaN,3800,18.7,19.06,101,22,,NaN,NaN,NWE,Northwest Explorer,20510,8827020101,depth based on closest surrounding
2016-08-14T00:00:00Z,NaN,NaN,20160205010,167123,Sablefish,Anoplopoma fimbria,FALSE,FALSE,A0,TC,21,1924,NOR264,4,Gulf of Alaska,10,2016,SEK200,M,,,19:45,56.3694,-141.9648,19:50,56.3724,-141.9628,2.55,NaN,3800,22.85,11.6,155,19,,NaN,NaN,NWE,Northwest Explorer,20510,8827020101,
2016-08-14T00:00:00Z,NaN,NaN,20160205011,167123,Sablefish,Anoplopoma fimbria,FALSE,FALSE,A0,SC,1036,92700,NOR264,3,Gulf of Alaska,11,2016,SEK180,S,,,22:20,56.477,-141.4752,22:50,56.4992,-141.4708,2.7,NaN,3800,17.56,18.9,102,15,,NaN,NaN,NWE,Northwest Explorer,20510,8827020101,depth based on closest surrounding.  This station and last are nearest a sea mount upwelling colder water?
2016-08-16T00:00:00Z,NaN,NaN,20160205018,167123,Sablefish,Anoplopoma fimbria,FALSE,FALSE,A0,TC,44,3470,NOR264,3,Gulf of Alaska,18,2016,SEM180,S,,,19:15,56.7647,-141.8205,19:45,56.775,-141.7705,3.76,NaN,4000,17.83,19.53,101,62,,NaN,NaN,NWE,Northwest Explorer,20510,8827020101,"mld ~15M, wind died down late last night.  CHLA max large 20mg/m3 ~28m.  Drift 1.5knts east during ctd"
2016-08-17T00:00:00Z,NaN,NaN,20160205020,167123,Sablefish,Anoplopoma fimbria,FALSE,FALSE,A0,TC,1,72,NOR264,3,Gulf of Alaska,20,2016,SEO190,S,,,2:23,56.8993,-142.7232,2:53,56.9159,-142.6943,2.76,NaN,4300,19.3,18.23,101,43,,NaN,NaN,NWE,Northwest Explorer,20510,8827020101,Strong CHL.A signal is gone.
2016-08-17T00:00:00Z,NaN,NaN,20160205021,167123,Sablefish,Anoplopoma fimbria,FALSE,FALSE,A0,TC,1,54,NOR264,3,Gulf of Alaska,21,2016,SEO170,S,,,15:23,57.0558,-142.1572,15:53,57.0756,-142.1807,2.83,NaN,4300,18.56,18.8,101,320,,NaN,NaN,NWE,Northwest Explorer,20510,8827020101,
2016-08-17T00:00:00Z,NaN,NaN,20160205022,167123,Sablefish,Anoplopoma fimbria,FALSE,FALSE,A0,TC,17,1534,NOR264,3,Gulf of Alaska,22,2016,SEO150,S,,,18:35,57.2164,-141.6241,19:05,57.2421,-141.637,3.26,NaN,4250,17.76,19.06,101,344,,NaN,NaN,NWE,Northwest Explorer,20510,8827020101,
2016-08-17T00:00:00Z,NaN,NaN,20160205023,167123,Sablefish,Anoplopoma fimbria,FALSE,FALSE,A0,SC,665,70242,NOR264,3,Gulf of Alaska,23,2016,SEO130,S,,,21:42,57.3761,-141.0799,22:12,57.3996,-141.1048,3.3,NaN,4100,17.83,19.03,101,325,,NaN,NaN,NWE,Northwest Explorer,20510,8827020101,
2016-08-18T00:00:00Z,NaN,NaN,20160205025,167123,Sablefish,Anoplopoma fimbria,FALSE,FALSE,A0,TC,3,280,NOR264,3,Gulf of Alaska,25,2016,SEM100,S,,,15:24,57.4048,-139.673,15:54,57.4217,-139.6404,2.73,NaN,4000,17.7,18.76,101,41,,NaN,NaN,NWE,Northwest Explorer,20510,8827020101,
2016-08-19T00:00:00Z,NaN,NaN,20160205028,167123,Sablefish,Anoplopoma fimbria,FALSE,FALSE,A0,TC,46,NaN,NOR264,3,Gulf of Alaska,28,2016,SEM40,L,,,0:54,57.9097,-138.0625,1:22,57.9218,-138.0314,2.63,NaN,1634,17.63,19.56,101,63,,NaN,NaN,NWE,Northwest Explorer,20510,8827020101,
2016-08-24T00:00:00Z,NaN,NaN,20160309002,167123,Sablefish,Anoplopoma fimbria,FALSE,FALSE,U,TC,1,16,400601,1,Bering Sea,2,2016,56-163,S,,,5:16,55.9946,-163.0146,5:46,56.0199,-162.9657,NaN,NaN,85,55.5,14.5,NaN,,,NaN,NaN,OD,Oscar Dyson,20510,8827020101,
2016-08-25T00:00:00Z,NaN,NaN,20160309004,167123,Sablefish,Anoplopoma fimbria,FALSE,FALSE,U,TC,3,160,400601,3,Bering Sea,4,2016,57-161,S,,,4:47,57.0117,-160.9794,5:18,57.0356,-160.9445,NaN,NaN,64,55.5,14.5,NaN,,,NaN,NaN,OD,Oscar Dyson,20510,8827020101,
2016-08-28T00:00:00Z,NaN,NaN,20160309015,167123,Sablefish,Anoplopoma fimbria,FALSE,FALSE,U,TC,1,40,400601,3,Bering Sea,15,2016,56-165,S,,,1:38,56.0077,-164.9583,2:08,56.0051,-165.0093,NaN,NaN,95,55.5,14.5,NaN,,,NaN,NaN,OD,Oscar Dyson,20510,8827020101,
2016-09-03T00:00:00Z,NaN,NaN,20160309035,167123,Sablefish,Anoplopoma fimbria,FALSE,FALSE,U,TC,21,640,400601,4,Bering Sea,35,2016,55.5-166,S,,,16:53,55.4898,-165.9999,17:23,55.4615,-165.9848,NaN,NaN,122,55.5,14.5,180,,,NaN,NaN,OD,Oscar Dyson,20510,8827020101,
2016-09-07T00:00:00Z,NaN,NaN,20160309038,167123,Sablefish,Anoplopoma fimbria,FALSE,FALSE,U,TC,6,260,400601,4,Bering Sea,38,2016,56-167,S,,,19:03,56.0882,-167.0562,19:33,56.1244,-167.0719,NaN,NaN,132,55.5,14.5,190,,,NaN,NaN,OD,Oscar Dyson,20510,8827020101,
2016-09-08T00:00:00Z,NaN,NaN,20160309040,167123,Sablefish,Anoplopoma fimbria,FALSE,FALSE,U,SC,236.3636,9880,400601,3,Bering Sea,40,2016,57-167,S,,,4:22,57.0247,-167.0534,4:52,57.0573,-167.062,NaN,NaN,74,55.5,14.5,185,,,NaN,NaN,OD,Oscar Dyson,20510,8827020101,
2016-09-08T00:00:00Z,57.0152,-166.9921,20160309040,167123,Sablefish,Anoplopoma fimbria,FALSE,FALSE,U,TC,1,80,NETS156,4,Bering Sea,40,2016,57-167,O,,8:59,9:06,57.0216,-166.9926,9:15,57.0288,-166.9932,NaN,33,74,55.5,14.5,107.5,,,NaN,NaN,OD,Oscar Dyson,20510,8827020101,
2016-09-10T00:00:00Z,NaN,NaN,20160309052,167123,Sablefish,Anoplopoma fimbria,FALSE,FALSE,U,TC,8,362,400601,4,Bering Sea,52,2016,56.5-168,S,,,18:33,56.5646,-167.9556,19:03,56.5763,-167.9023,NaN,NaN,108,55.5,14.5,195,,,NaN,NaN,OD,Oscar Dyson,20510,8827020101,
2016-09-15T00:00:00Z,NaN,NaN,20160309054,167123,Sablefish,Anoplopoma fimbria,FALSE,FALSE,U,SC,396.301,31070,400601,4,Bering Sea,54,2016,57-169,S,,,4:14,57.0199,-168.955,4:45,57.043,-168.906,NaN,0,80,55.5,14.5,190,,,NaN,NaN,OD,Oscar Dyson,20510,8827020101,
2016-09-15T00:00:00Z,57.0034,-168.9844,20160309054,167123,Sablefish,Anoplopoma fimbria,FALSE,FALSE,U,TC,7,460,NETS156,5,Bering Sea,54,2016,57-169,O,,6:42,6:48,57.0067,-168.9774,7:00,57.0127,-168.9643,NaN,NaN,80,55.5,14.5,NaN,,,NaN,NaN,OD,Oscar Dyson,20510,8827020101,
2016-09-17T00:00:00Z,NaN,NaN,20160309057,167123,Sablefish,Anoplopoma fimbria,FALSE,FALSE,U,TC,32,2140,400601,4,Bering Sea,57,2016,58-171,S,,,17:03,58.005,-171.0263,17:33,58.0062,-171.0869,NaN,NaN,88,55.5,14.5,185,,,NaN,NaN,OD,Oscar Dyson,20510,8827020101,
2016-09-12T00:00:00Z,58.5308,-171.9933,20160309059,167123,Sablefish,Anoplopoma fimbria,FALSE,FALSE,U,TC,1,70,NETS156,3,Bering Sea,59,2016,58.5-172,O,,3:04,3:12,58.5372,-171.9924,3:28,58.546,-171.9891,NaN,56.66,99,16.29,7.71,160.35,,,NaN,NaN,OD,Oscar Dyson,20510,8827020101,
2016-09-13T00:00:00Z,NaN,NaN,20160309063,167123,Sablefish,Anoplopoma fimbria,FALSE,FALSE,U,SC,3.7542,22.5,400601,3,Bering Sea,63,2016,59.5-170,S,,,3:41,59.5113,-170.0527,4:11,59.5245,-170.1079,NaN,NaN,61,55.5,14.5,192.53,,,NaN,NaN,OD,Oscar Dyson,20510,8827020101,
2016-09-15T00:00:00Z,56.5271,-169.9902,20160309069,167123,Sablefish,Anoplopoma fimbria,FALSE,FALSE,U,TC,1,54,NETS156,3,Bering Sea,69,2016,56.5-170,O,,14:41,14:48,56.5331,-169.9881,15:04,56.5431,-169.9852,NaN,82,99,15.5,8,250,,,NaN,NaN,OD,Oscar Dyson,20510,8827020101,
2016-09-15T00:00:00Z,NaN,NaN,20160309069,167123,Sablefish,Anoplopoma fimbria,FALSE,FALSE,U,SC,300.9025,16670,400601,4,Bering Sea,69,2016,56.5-170,S,,,17:24,56.5576,-170.0239,17:53,56.5872,-170.0392,NaN,NaN,99,55.5,14.5,191.6,,,NaN,NaN,OD,Oscar Dyson,20510,8827020101,
2016-09-17T00:00:00Z,NaN,NaN,20160309072,167123,Sablefish,Anoplopoma fimbria,FALSE,FALSE,U,SC,45.1035,3119.7,400601,3,Bering Sea,72,2016,57.5-170,S,,,3:03,57.5433,-170.0613,3:33,57.5658,-170.1044,NaN,NaN,71,55.5,14.5,185,,,NaN,NaN,OD,Oscar Dyson,20510,8827020101,
2016-09-18T00:00:00Z,NaN,NaN,20160309074,167123,Sablefish,Anoplopoma fimbria,FALSE,FALSE,U,SC,183.1834,14662,400601,1,Bering Sea,74,2016,58-169,S,,,4:51,58.0141,-169.0475,5:21,58.0194,-169.1028,NaN,25.2,71,55.5,14.5,180,,,NaN,NaN,OD,Oscar Dyson,20510,8827020101,
2016-09-18T00:00:00Z,57.9871,-169.0334,20160309074,167123,Sablefish,Anoplopoma fimbria,FALSE,FALSE,U,TC,3,190,NETS156,4,Bering Sea,74,2016,58-169,O,,7:22,7:27,57.9865,-169.0398,7:36,57.9856,-169.0494,NaN,NaN,71,55.5,14.5,NaN,,,NaN,NaN,OD,Oscar Dyson,20510,8827020101,
2017-07-04T00:00:00Z,NaN,NaN,20170202002,167123,Sablefish,Anoplopoma fimbria,FALSE,FALSE,A0,TC,67,109,NOR264,3,Gulf of Alaska,2,2017,YBE30,S,,,18:41,59.2544,-140.9668,19:11,59.2705,-141.0089,3.2,NaN,167,17.76,19.24,185,313,,NaN,NaN,NWE,Northwest Explorer,20510,8827020101,YBE30 SOG 3.2 COG 313. light band of feed on 38khz band above footrope.
2017-07-04T00:00:00Z,NaN,NaN,20170202003,167123,Sablefish,Anoplopoma fimbria,FALSE,FALSE,A0,TC,1,3,NOR264,3,Gulf of Alaska,3,2017,YBE20,S,,,21:43,59.3853,-140.8298,22:14,59.407,-140.8646,3.2,NaN,150,17.55,19.64,185,318,,NaN,NaN,NWE,Northwest Explorer,20510,8827020101,"YBE20, fur seal spotted just as we were setting, brought net back on board to wait. Brought net back on boat to run 1.62 miles away and try again. Towed away from area seal was spotted. Seal did not follow when we ran away. COG 318 SOG 3.2"
2017-07-05T00:00:00Z,NaN,NaN,20170202004,167123,Sablefish,Anoplopoma fimbria,FALSE,FALSE,A0,TC,3,10,NOR264,3,Gulf of Alaska,4,2017,YBE10,S,,,0:37,59.5287,-140.6368,1:07,59.5501,-140.6158,3,NaN,260,17.42,18.65,185,17,,NaN,NaN,NWE,Northwest Explorer,20510,8827020101,"YBE10 SOG 3.0, 2.8, 2.8 COG 17"
2017-07-05T00:00:00Z,NaN,NaN,20170202006,167123,Sablefish,Anoplopoma fimbria,FALSE,FALSE,A0,TC,16,45,NOR264,3,Gulf of Alaska,6,2017,YBC0,S,,,18:51,59.4989,-139.9164,19:22,59.4868,-139.8812,2.6,NaN,75,16.86,19.49,190,118,,NaN,NaN,NWE,Northwest Explorer,20510,8827020101,"YBC0, towing after failed ctd comm. Maybe ocean after, maybe not... COG 118 SOG 2.6"
2017-07-05T00:00:00Z,NaN,NaN,20170202006,167123,Sablefish,Anoplopoma fimbria,FALSE,FALSE,A1+,TC,3,1360,NOR264,3,Gulf of Alaska,6,2017,YBC0,S,,,18:51,59.4989,-139.9164,19:22,59.4868,-139.8812,2.6,NaN,75,16.86,19.49,190,118,,NaN,NaN,NWE,Northwest Explorer,20510,8827020101,"YBC0, towing after failed ctd comm. Maybe ocean after, maybe not... COG 118 SOG 2.6"
2017-07-05T00:00:00Z,NaN,NaN,20170202007,167123,Sablefish,Anoplopoma fimbria,FALSE,FALSE,A0,TC,4,8,NOR264,3,Gulf of Alaska,7,2017,YBC10,S,,,20:48,59.348,-140.0621,21:15,59.3577,-140.1002,2.9,NaN,161,18.07,18.9,185,299,,NaN,NaN,NWE,Northwest Explorer,20510,8827020101,YBC10. Course 299 degrees 2.9 kts.  Hauled back 4 minutes early due to seal swiming towards bow.
2017-07-05T00:00:00Z,NaN,NaN,20170202008,167123,Sablefish,Anoplopoma fimbria,FALSE,FALSE,A1+,TC,1,450,NOR264,3,Gulf of Alaska,8,2017,YBC20,S,,,22:37,59.2078,-140.2468,23:08,59.227,-140.28,3.1,NaN,123,17.83,20.27,185,312,,NaN,NaN,NWE,Northwest Explorer,20510,8827020101,"YBC20, likely ready to try oceanog. again at this station, after tow. COG 312 SOG 3.1, 3.0"
2017-07-08T00:00:00Z,NaN,NaN,20170202015,167123,Sablefish,Anoplopoma fimbria,FALSE,FALSE,A0,TC,1,3,NOR264,3,Gulf of Alaska,15,2017,YBA70,S,,,0:42,58.3359,-140.6276,1:12,58.3521,-140.5913,2.9,NaN,3300,17.77,19.41,185,44,,NaN,NaN,NWE,Northwest Explorer,20510,8827020101,"YBA70, SOG 2.9, 2.9 COG 44"
2017-07-08T00:00:00Z,NaN,NaN,20170202017,167123,Sablefish,Anoplopoma fimbria,FALSE,FALSE,A0,TC,1,2,NOR264,3,Gulf of Alaska,17,2017,YBA40,S,,,18:59,58.7468,-140.0856,19:29,58.7738,-140.0857,3.3,NaN,182,17.18,20.15,101,0,,NaN,NaN,NWE,Northwest Explorer,20510,8827020101,"YBA40, SOG 3.3, COG 0 or 360, whichever you prefer."
2017-07-08T00:00:00Z,NaN,NaN,20170202018,167123,Sablefish,Anoplopoma fimbria,FALSE,FALSE,A0,TC,1,2,NOR264,3,Gulf of Alaska,18,2017,YBA30,S,,,21:36,58.8845,-139.9043,22:06,58.9125,-139.9025,3.3,NaN,158,17.63,19.88,185,358,,NaN,NaN,NWE,Northwest Explorer,20510,8827020101,"YBA30 SOG 3.3, 3.2 COG 3, 358"
2017-07-09T00:00:00Z,NaN,NaN,20170202020,167123,Sablefish,Anoplopoma fimbria,FALSE,FALSE,A1+,TC,1,520,NOR264,3,Gulf of Alaska,20,2017,YBA10,S,,,15:52,59.1751,-139.5571,16:22,59.1592,-139.5174,3.1,NaN,135,17.88,19.42,101,118,,NaN,NaN,NWE,Northwest Explorer,20510,8827020101,"YBA10, SOG = 3.0, COG = 118, SOG2 = 3.0, SOG3 = 3.1"
2017-07-10T00:00:00Z,NaN,NaN,20170202025,167123,Sablefish,Anoplopoma fimbria,FALSE,FALSE,A0,TC,3,8,NOR264,3,Gulf of Alaska,25,2017,SER30,S,,,18:35,58.703,-139.3553,19:05,58.7145,-139.3996,3.1,NaN,240,17.82,19.34,185,303,,NaN,NaN,NWE,Northwest Explorer,20510,8827020101,"SER30 SOG 3.1, 3.0 COG 303"
2017-07-10T00:00:00Z,NaN,NaN,20170202025,167123,Sablefish,Anoplopoma fimbria,FALSE,FALSE,A1+,TC,1,790,NOR264,3,Gulf of Alaska,25,2017,SER30,S,,,18:35,58.703,-139.3553,19:05,58.7145,-139.3996,3.1,NaN,240,17.82,19.34,185,303,,NaN,NaN,NWE,Northwest Explorer,20510,8827020101,"SER30 SOG 3.1, 3.0 COG 303"
2017-07-11T00:00:00Z,NaN,NaN,20170202027,167123,Sablefish,Anoplopoma fimbria,FALSE,FALSE,A0,TC,135,299,NOR264,3,Gulf of Alaska,27,2017,SER50,S,,,0:23,58.4269,-139.7422,0:53,58.4482,-139.7181,2.9,NaN,740,18.02,20.12,185,29,,NaN,NaN,NWE,Northwest Explorer,20510,8827020101,SER50 COG 29 SOG 2.9
2017-07-11T00:00:00Z,NaN,NaN,20170202027,167123,Sablefish,Anoplopoma fimbria,FALSE,FALSE,A1+,TC,1,532,NOR264,3,Gulf of Alaska,27,2017,SER50,S,,,0:23,58.4269,-139.7422,0:53,58.4482,-139.7181,2.9,NaN,740,18.02,20.12,185,29,,NaN,NaN,NWE,Northwest Explorer,20510,8827020101,SER50 COG 29 SOG 2.9
2017-07-12T00:00:00Z,NaN,NaN,20170202032,167123,Sablefish,Anoplopoma fimbria,FALSE,FALSE,A1+,TC,1,380,NOR264,3,Gulf of Alaska,32,2017,SEQ50,S,,,19:34,58.2584,-139.2089,20:05,58.2367,-139.2105,2.6,NaN,1124,18.15,20.09,101,180,,NaN,NaN,NWE,Northwest Explorer,20510,8827020101,"SEQ50 SOG 2.6 COG 180, SOG 2.6"
2017-07-12T00:00:00Z,NaN,NaN,20170202033,167123,Sablefish,Anoplopoma fimbria,FALSE,FALSE,A0,TC,1,5,NOR264,3,Gulf of Alaska,33,2017,SEQ40,S,,,22:03,58.3906,-139.0368,22:33,58.3671,-139.0106,3.2,NaN,77,17.79,20.17,185,149,,NaN,NaN,NWE,Northwest Explorer,20510,8827020101,SEQ40 SOG 3.2 COG 149
2017-07-13T00:00:00Z,NaN,NaN,20170202035,167123,Sablefish,Anoplopoma fimbria,FALSE,FALSE,A1+,TC,156,78160,NOR264,3,Gulf of Alaska,35,2017,SEQ20,S,,,18:07,58.6479,-138.6518,18:38,58.6665,-138.6842,3.1,NaN,99,17.92,19.48,187,317,,NaN,NaN,NWE,Northwest Explorer,20510,8827020101,"SEQ20 SOG 3.2, 3.0 COG 317"
2017-07-16T00:00:00Z,NaN,NaN,20170202041,167123,Sablefish,Anoplopoma fimbria,FALSE,FALSE,A1+,TC,34,15970,NOR264,3,Gulf of Alaska,41,2017,SEM40A,S,,,15:12,57.9377,-137.9432,16:13,57.9327,-137.8572,2.8,NaN,880,17.73,19.11,185,108,,NaN,NaN,NWE,Northwest Explorer,20510,8827020101,"1 hour tow, starting at SEM40, towing to the east along the slope. Call this SEM40A, or some other name. SOG 2.8 COG 108"
2017-07-16T00:00:00Z,NaN,NaN,20170202042,167123,Sablefish,Anoplopoma fimbria,FALSE,FALSE,A1+,TC,7,3330,NOR264,3,Gulf of Alaska,42,2017,SEI10A,S,,,21:04,57.5718,-136.6492,22:05,57.537,-136.6107,2.6,NaN,792,18.09,19.05,185,157,,NaN,NaN,NWE,Northwest Explorer,20510,8827020101,"SEI10A, 1 hour tow searching for age0 sablefish. SOG 2.6, 2.4 COG 157"
2017-07-18T00:00:00Z,NaN,NaN,20170202044,167123,Sablefish,Anoplopoma fimbria,FALSE,FALSE,A0,TC,1,8,NOR264,3,Gulf of Alaska,44,2017,SEE20,S,,,18:48,56.9114,-136.3113,19:18,56.8947,-136.2817,2.8,NaN,1501,17.35,20.55,185,125,,NaN,NaN,NWE,Northwest Explorer,20510,8827020101,"SEE20: COG: 125 SOG: 2.8, 2.8, 2.8"
2017-07-20T00:00:00Z,NaN,NaN,20170202050,167123,Sablefish,Anoplopoma fimbria,FALSE,FALSE,A1+,TC,2,720,NOR264,3,Gulf of Alaska,50,2017,SEI0,S,,,0:21,57.6543,-136.3575,0:52,57.6745,-136.3812,2.8,NaN,81,17.15,20.55,185,329,,NaN,NaN,NWE,Northwest Explorer,20510,8827020101,"SEI0: COG: 329. SOG: 2.8, 2.8, 2.8."
2017-07-20T00:00:00Z,NaN,NaN,20170202051,167123,Sablefish,Anoplopoma fimbria,FALSE,FALSE,A1+,TC,30,14110,NOR264,3,Gulf of Alaska,51,2017,SEI10,S,,,16:07,57.5726,-136.6189,16:37,57.6008,-136.6286,3,NaN,617,17.32,20.13,185,352,,NaN,NaN,NWE,Northwest Explorer,20510,8827020101,"SEI10: C0G: 352. SOG: 3.1, 3.0, 3.0."
2017-07-21T00:00:00Z,NaN,NaN,20170202056,167123,Sablefish,Anoplopoma fimbria,FALSE,FALSE,A0,TC,1,8,NOR264,3,Gulf of Alaska,56,2017,SEI80,S,,,20:18,57.004,-138.4738,20:48,57.0147,-138.5043,2.4,NaN,3038,17.51,20.42,185,305,,NaN,NaN,NWE,Northwest Explorer,20510,8827020101,"SEI80: COG: 305. SOG: 2.5, 2.3, 2.3."
2017-07-23T00:00:00Z,NaN,NaN,20170202061,167123,Sablefish,Anoplopoma fimbria,FALSE,FALSE,A1+,TC,2,1360,NOR264,3,Gulf of Alaska,61,2017,SEK40,S,,,15:54,57.618,-137.7329,16:24,57.638,-137.7513,2.6,NaN,2513,17.36,20.13,185,335,,NaN,NaN,NWE,Northwest Explorer,20510,8827020101,"SEK40: COG: 335. SOG: 2.5, 2.6, 2.7."
2017-07-23T00:00:00Z,NaN,NaN,20170202063,167123,Sablefish,Anoplopoma fimbria,FALSE,FALSE,A1+,TC,22,10830,NOR264,3,Gulf of Alaska,63,2017,SEK20,S,,,21:48,57.7855,-137.1935,22:19,57.8103,-137.2193,3.3,NaN,511,17.29,20.49,185,328,,NaN,NaN,NWE,Northwest Explorer,20510,8827020101,"SEK20: COG: 328. SOG: 3.4, 3.3, 3.3."
2017-07-24T00:00:00Z,NaN,NaN,20170202064,167123,Sablefish,Anoplopoma fimbria,FALSE,FALSE,A1+,TC,1,520,NOR264,3,Gulf of Alaska,64,2017,SEK10,S,,,0:40,57.8741,-136.9423,1:10,57.8699,-136.9014,2.6,NaN,446,17.22,20.17,158,101,,NaN,NaN,NWE,Northwest Explorer,20510,8827020101,"SEK10: COG: 101. SOG: 2.6, 2.5, 2.7."
2017-07-24T00:00:00Z,NaN,NaN,20170202065,167123,Sablefish,Anoplopoma fimbria,FALSE,FALSE,A1+,TC,3,1490,NOR264,3,Gulf of Alaska,65,2017,SEK0,S,,,15:39,57.9432,-136.6785,16:10,57.9679,-136.7014,3.3,NaN,109,17.66,19.63,185,332,,NaN,NaN,NWE,Northwest Explorer,20510,8827020101,"SEK0: COG: 332. SOG 3.3, 3.3, 3.2. Station was moved 1/4 mile to west to avoid troll fleet."
2017-07-25T00:00:00Z,NaN,NaN,20170202070,167123,Sablefish,Anoplopoma fimbria,FALSE,FALSE,A1+,TC,27,14070,NOR264,3,Gulf of Alaska,70,2017,SEM40,S,,,18:30,57.913,-138.0341,19:00,57.9251,-138.077,3.1,NaN,1502,17.85,19.33,185,295,,NaN,NaN,NWE,Northwest Explorer,20510,8827020101,"SEM40: COG: 295. SOG: 3.2, 3.0, 3.0."
2017-07-27T00:00:00Z,NaN,NaN,20170202071,167123,Sablefish,Anoplopoma fimbria,FALSE,FALSE,A1+,TC,3,1370,NOR264,3,Gulf of Alaska,71,2017,SEK30,S,,,15:57,57.8576,-137.6437,16:28,57.8555,-137.6044,2.5,NaN,1026,17.47,20.02,185,97,,NaN,NaN,NWE,Northwest Explorer,20510,8827020101,"SEK30: COG: 97. SOG: 2.6, 2.4, 2.5."
2017-08-06T00:00:00Z,NaN,NaN,20170204011,167123,Sablefish,Anoplopoma fimbria,FALSE,FALSE,A0,TC,2,12,NOR264,3,Gulf of Alaska,11,2017,SEK120,S,,,20:49,56.972,-139.8913,21:20,56.9604,-139.8525,3,NaN,3488,17.22,20.5,187,117,,NaN,NaN,NWE,Northwest Explorer,20510,8827020101,"SEK120 SOG 3.2, 2.8, 2.9 COG 115, 118, 119 Possible porpoise sighting, stopped setting net and circled for 15m, did not see any. Set..."
2017-08-09T00:00:00Z,NaN,NaN,20170204022,167123,Sablefish,Anoplopoma fimbria,FALSE,FALSE,A0,TC,3,58,NOR264,3,Gulf of Alaska,22,2017,MW2,S,,,18:59,57.293,-138.7161,19:09,57.2938,-138.6984,3.2,NaN,3095,23.65,12.02,356.07,85,,NaN,NaN,NWE,Northwest Explorer,20510,8827020101,"MW2 with LB SOG 3.1, 3.3, 3.1 COG 85, 86, 85. Jelly layer split into 2, with deeper layer at 50m, going to sample deep layer."
2017-08-11T00:00:00Z,NaN,NaN,20170204029,167123,Sablefish,Anoplopoma fimbria,FALSE,FALSE,A0,TC,14,550,NOR264,3,Gulf of Alaska,29,2017,LB8,S,,,3:14,57.7124,-137.2615,4:14,57.741,-137.3479,3.2,NaN,1592,17.49,20.31,185,302,,NaN,NaN,NWE,Northwest Explorer,20510,8827020101,"LB8 SOG 3.3, 3.2, 3.2, 3.2, 3.2 COG 304, 304, 304, 302, 298"
2017-08-12T00:00:00Z,NaN,NaN,20170204034,167123,Sablefish,Anoplopoma fimbria,FALSE,FALSE,A0,TC,2,100,NOR264,3,Gulf of Alaska,34,2017,LB13,S,,,4:02,58.4106,-139.7578,5:03,58.4482,-139.8277,3.1,NaN,1768,18.14,19.73,185,318,,NaN,NaN,NWE,Northwest Explorer,20510,8827020101,"LB13 SOG 3.2, 3.1, 3.1, 3.2, 3.2 COG 326, 318, 315, 315, 315"
2017-08-14T00:00:00Z,NaN,NaN,20170204040,167123,Sablefish,Anoplopoma fimbria,FALSE,FALSE,A0,TC,118,5902,NOR264,3,Gulf of Alaska,40,2017,LB19,S,,,2:56,59.6936,-144.3088,5:32,59.5687,-144.3886,2.9,NaN,134,17.02,20.85,185,199,,NaN,NaN,NWE,Northwest Explorer,20510,8827020101,"LB19 SOG 3.0, 2.7, 2.7, 2.8, 2.9, 3.1, 3.3, 3.3, 3.4 COG 198, 195, 198, 199, 197, 198, 198, 198, 200. Small seal seen, immediately hauled back."
2017-08-14T00:00:00Z,NaN,NaN,20170204041,167123,Sablefish,Anoplopoma fimbria,FALSE,FALSE,A0,TC,61,2334,NOR264,3,Gulf of Alaska,41,2017,LB20,S,,,18:27,59.6892,-144.3226,20:28,59.596,-144.3832,2.8,NaN,136,17.08,20.84,185,198,,NaN,NaN,NWE,Northwest Explorer,20510,8827020101,"LB20 SOG 2.5, 2.6, 2.9, 3.0, 3.1, 3.1 COG 193, 190, 198, 200, 200, 200"
2017-08-14T00:00:00Z,NaN,NaN,20170204042,167123,Sablefish,Anoplopoma fimbria,FALSE,FALSE,A0,TC,16,800,NOR264,3,Gulf of Alaska,42,2017,LB21,S,,,21:16,59.5909,-144.3884,23:17,59.676,-144.3783,2.5,NaN,276,17.28,19.78,185,6,,NaN,NaN,NWE,Northwest Explorer,20510,8827020101,"LB21 SOG 2.4, 2.5, 2.6, 2.6, 2.5, 2.5, 2.5 COG 9, 1, 0, 6, 4, 4, 3 current is running straight towards the island."
2017-08-15T00:00:00Z,NaN,NaN,20170204043,167123,Sablefish,Anoplopoma fimbria,FALSE,FALSE,A0,TC,416,20150,NOR264,3,Gulf of Alaska,43,2017,LB22,S,,,0:03,59.6662,-144.3035,2:05,59.5675,-144.3707,3,NaN,160,17.3,20.39,185,199,,NaN,NaN,NWE,Northwest Explorer,20510,8827020101,"LB22 SOG 3.1, 3.2, 3.2, 3.1, 2.8, 3.0, 2.9, 3.0  COG 196, 196, 195, 205, 199, 200, 198, 200"
2017-08-15T00:00:00Z,NaN,NaN,20170204045,167123,Sablefish,Anoplopoma fimbria,FALSE,FALSE,A0,TC,15,750,NOR264,3,Gulf of Alaska,45,2017,LB24,S,,,18:19,59.689,-144.3028,20:21,59.6058,-144.3687,2.8,NaN,138,16.92,19.69,185,203,,NaN,NaN,NWE,Northwest Explorer,20510,8827020101,"LB24 SOG 2.8, 2.8, 2.6, 2.6, 2.6, 2.5, 2.8,2.6 COG 205, 209, 197, 199, 203, 199, 203, 199"
2017-08-15T00:00:00Z,NaN,NaN,20170204046,167123,Sablefish,Anoplopoma fimbria,FALSE,FALSE,A1+,TC,1,600,NOR264,3,Gulf of Alaska,46,2017,LB25,S,,,21:57,59.5663,-144.7892,23:59,59.4721,-144.9164,3.3,NaN,118,17.15,20.08,185,212,,NaN,NaN,NWE,Northwest Explorer,20510,8827020101,"LB25 SOG 3.7, 3.3, 3.3, 3.5, 3.5, 3.2, 3.3 COG 219, 210, 208, 212, 215, 216, 216"
2017-08-16T00:00:00Z,NaN,NaN,20170204047,167123,Sablefish,Anoplopoma fimbria,FALSE,FALSE,A0,TC,7,350,NOR264,3,Gulf of Alaska,47,2017,LB26,S,,,2:51,59.6849,-144.309,4:52,59.5781,-144.3861,3.2,NaN,144,17.29,20.5,185,200,,NaN,NaN,NWE,Northwest Explorer,20510,8827020101,"LB26 SOG 3.1, 3.2, 3.4, 3.4, 3.6, 3.8, 3.3, 3.0, 3.4 COG 193, 200, 205, 204, 206, 219, 190, 188, 199"
2017-08-16T00:00:00Z,NaN,NaN,20170204048,167123,Sablefish,Anoplopoma fimbria,FALSE,FALSE,A0,TC,30,1500,NOR264,3,Gulf of Alaska,48,2017,LB27,S,,,17:33,59.7111,-144.3296,19:35,59.7561,-144.1956,2.3,NaN,121,17.29,20.37,185,50,,NaN,NaN,NWE,Northwest Explorer,20510,8827020101,"LB27 SOG 2.6, 2.6, 2.7, 2.4, 2.4, 2.3, 2.2, 2.1 COG 50, 47, 45, 47, 60, 65, 63, 64, 60"
2017-08-16T00:00:00Z,NaN,NaN,20170204049,167123,Sablefish,Anoplopoma fimbria,FALSE,FALSE,A0,TC,3,130,NOR264,3,Gulf of Alaska,49,2017,LB28,S,,,20:24,59.7533,-144.202,22:25,59.7219,-144.3977,3.2,NaN,101,17.3,20.29,185,260,,NaN,NaN,NWE,Northwest Explorer,20510,8827020101,"LB28 SOG 3.7, 3.2, 3.1, 3.2, 3.0, 2.9, 2.8, 2.5 COG 251, 260, 261, 267, 245, 243, 246, 245. Last tow, going to release last batch of tagged fish here, or very near here."
2018-09-23T00:00:00Z,58.0054,-171.0243,20180202003,167123,Sablefish,Anoplopoma fimbria,FALSE,FALSE,A0,SC,138.7755,3400,400601,1,Bering Sea,3,2018,58-171,S,,3:25,3:28,58.0044,-171.0159,3:59,57.9957,-170.9513,NaN,NaN,83,42.17,26.29,183,0,,0,0,NWE,Northwest Explorer,20510,8827020101,No CTD or Oceanography at this station.  Swell and winds too big.
2018-09-23T00:00:00Z,57.5084,-170.0013,20180202004,167123,Sablefish,Anoplopoma fimbria,FALSE,FALSE,A0,TC,5,129,400601,3,Bering Sea,4,2018,57.5-170,S,,17:52,17:55,57.5123,-170.004,18:26,57.5412,-170.0237,NaN,NaN,62,42.1,25.75,183,0,,0,0,NWE,Northwest Explorer,20510,8827020101,
2018-09-25T00:00:00Z,58.0047,-169.0094,20180202009,167123,Sablefish,Anoplopoma fimbria,FALSE,FALSE,A0,TC,2,56,400601,3,Bering Sea,9,2018,58-169,S,,1:15,1:18,58.0041,-169.0011,1:49,58,-168.9404,NaN,NaN,70,43.59,21.44,183,0,,0,0,NWE,Northwest Explorer,20510,8827020101,
2018-09-26T00:00:00Z,57.5051,-168.0107,20180202012,167123,Sablefish,Anoplopoma fimbria,FALSE,FALSE,A0,TC,1,30,400601,3,Bering Sea,12,2018,57.5-168,S,,1:40,1:43,57.5032,-168.0033,2:11,57.4906,-167.957,NaN,NaN,70,43.44,21.61,183,0,,0,0,NWE,Northwest Explorer,20510,8827020101,
2018-09-27T00:00:00Z,57.0096,-167.0062,20180202016,167123,Sablefish,Anoplopoma fimbria,FALSE,FALSE,A0,TC,1,29,400601,3,Bering Sea,16,2018,57-167,S,,17:25,17:28,57.007,-167.0106,17:58,56.9795,-167.0333,NaN,NaN,73.5,43.76,20.83,183,0,,0,0,NWE,Northwest Explorer,20510,8827020101,NO SBEs. 15 kts winds.  3.6 SOG.Aborted CTD due to blown fuse. No Fastcat either.
2018-09-28T00:00:00Z,56.5062,-165.9991,20180202018,167123,Sablefish,Anoplopoma fimbria,FALSE,FALSE,A0,TC,39,2131,400601,3,Bering Sea,18,2018,56.5-166,S,,3:14,3:18,56.5046,-166.0069,3:48,56.4937,-166.0604,NaN,NaN,86,40.12,20.73,183,0,,0,0,NWE,Northwest Explorer,20510,8827020101,
2018-09-28T00:00:00Z,55.0049,-164.9892,20180202019,167123,Sablefish,Anoplopoma fimbria,FALSE,FALSE,A0,TC,3,199,400601,3,Bering Sea,19,2018,55-165,S,,17:45,17:49,55.0083,-164.996,18:22,55.0343,-165.0481,NaN,NaN,103,44.01,19.31,183,0,,0,0,NWE,Northwest Explorer,20510,8827020101,
2018-09-29T00:00:00Z,55.5118,-163.9831,20180202020,167123,Sablefish,Anoplopoma fimbria,FALSE,FALSE,A0,TC,4,105,400601,3,Bering Sea,20,2018,55.5-164,S,,17:48,17:51,55.5128,-163.9909,18:22,55.5217,-164.0408,NaN,NaN,91,44.79,22.1,183,0,,0,0,NWE,Northwest Explorer,20510,8827020101,
2018-09-30T00:00:00Z,56.0083,-162.9484,20180202023,167123,Sablefish,Anoplopoma fimbria,FALSE,FALSE,A0,TC,1,14,400601,3,Bering Sea,23,2018,56-163,S,,17:37,17:39,56.0091,-162.943,18:10,56.0165,-162.885,NaN,NaN,84,38.83,25.24,183,0,,0,0,NWE,Northwest Explorer,20510,8827020101,
2018-10-02T00:00:00Z,57.5022,-166.0039,20180202028,167123,Sablefish,Anoplopoma fimbria,FALSE,FALSE,A0,TC,4,80,400601,3,Bering Sea,28,2018,57.5-166,S,,17:29,17:32,57.5026,-165.9963,18:03,57.5056,-165.9417,NaN,NaN,65,42.1,21.63,183,0,,0,0,NWE,Northwest Explorer,20510,8827020101,
